new_key,year,subject_id,lakename,county,begin_date_day,begin_date_month,end_date_day,end_date_month,end_date_year,front,back,point_of_examination,gear_used_kind,gear_used_mesh,gear_used_length,area_covered,depth_of_collection,time,field_no,remarks,bluegill,effort_num_lifts,cpue,comments
34-21,1978,58751537,MORRISON,Ionia,28,September,NA,NA,NA,https://changes-ifr.s3.us-east-2.amazonaws.com/ss1/FISHc/double/a_first/part2/Ionia_Morrison_FISHc_049.jpg,https://changes-ifr.s3.us-east-2.amazonaws.com/ss1/FISHc/double/a_first/part2/Ionia_Morrison_FISHc_050.jpg,taken randomly from nets,"1 fyke, 1 trap",NA,2 nights,entire lake,1-15',NA,NA,The purpose of the survey was to evaluate the panfish population. Anglers are complaining about the small panfish. Bluegills could stand heavy selective treatment.,70,2,35,
41-347,1978,58752969,PINEISLANDLITTLE,Kent,1,August,NA,NA,NA,https://changes-ifr.s3.us-east-2.amazonaws.com/ss1/FISHc/double/a_first/part2/Kent_PineIslandLittle_FISHc_015.jpg,https://changes-ifr.s3.us-east-2.amazonaws.com/ss1/FISHc/double/a_first/part2/Kent_PineIslandLittle_FISHc_016.jpg,Launching of the boat to set the nets was from the old Ketchel place now belonging to Mr. Dubois,"2 trap, 2 fyke, 2 exp. gillnets nets",NA,one night,random locations in the lake,1-20' ft,8:30 a.m. - 1:30 p.m,NA,Purpose of survey was to check present fish population and in particular to check northern pike abundance. Comments from residents and our catch results indicate pike numbers are way down. Several residents were surprised at the small size of the blue bluegills in our catch. They said what they caught (con't on back) were larger. I've fished this lake and I agree with them. Northern Pike if planted in small sizes may not fare well in presence of reported mud pickerel population. Recommend no further management of this lake at this time.,206,gill,NA,
70-164,1977,58753506,CROCKERY,Ottawa,26,May,NA,NA,NA,https://changes-ifr.s3.us-east-2.amazonaws.com/ss1/FISHc/double/a_first/part2/Ottawa_Crockery_70-164_1977_FISHc_001_01.jpg,https://changes-ifr.s3.us-east-2.amazonaws.com/ss1/FISHc/double/a_first/part2/Ottawa_Crockery_70-164_1977_FISHc_001_02.jpg,Randomly,"2 fyke, 2 trap, and 2 gill nets",NA,NA,NA,1 - 20 feet,NA,NA,"After a virtual absence of bluegills in previous surveys, it now appears a large crop is approaching a desirable catchable size. Saw 4-5 - 5 nice largemouth bass while setting nets but caught none during the survey.",1623,gill,NA,
70-36,1978,58753523,MACATAWA,Ottawa,17,October,NA,NA,NA,https://changes-ifr.s3.us-east-2.amazonaws.com/ss1/FISHc/double/a_first/part2/Ottawa_Macatawa_FISHc_111.jpeg,https://changes-ifr.s3.us-east-2.amazonaws.com/ss1/FISHc/double/a_first/part2/Ottawa_Macatawa_FISHc_112.jpeg,Kollen Park,"1 trap net net, 1 gill net",exp.,NA,new Heinz plant,0-15',2:00 PM,NA,Three walleyes taken. Some nice yellow perch are located here.,4,gill,NA,
70-36,1978,58753525,MACATAWA,Ottawa,17,October,18,October,1978,https://changes-ifr.s3.us-east-2.amazonaws.com/ss1/FISHc/double/a_first/part2/Ottawa_Macatawa_FISHc_105.jpeg,https://changes-ifr.s3.us-east-2.amazonaws.com/ss1/FISHc/double/a_first/part2/Ottawa_Macatawa_FISHc_106.jpeg,entire lake,"6 trap nets, 6 gill nets",NA,NA,NA,NA,NA,NA,Catch summary of Lake Macatawa Survey.,21,gill,NA,
70-36,1978,58753527,MACATAWA,Ottawa,18,October,NA,NA,NA,https://changes-ifr.s3.us-east-2.amazonaws.com/ss1/FISHc/double/a_first/part2/Ottawa_Macatawa_FISHc_113.jpeg,https://changes-ifr.s3.us-east-2.amazonaws.com/ss1/FISHc/double/a_first/part2/Ottawa_Macatawa_FISHc_114.jpeg,State access site on north shore,"1 trap net, 1 gill net",exp.,NA,flag pole station south shore,0-20' ft,a.m.,NA,One white bass taken here. Numerous gizzard shad. Five walleyes taken.,2,gill,NA,
70-36,1978,58753533,MACATAWA,Ottawa,17,October,NA,NA,NA,https://changes-ifr.s3.us-east-2.amazonaws.com/ss1/FISHc/double/a_first/part2/Ottawa_Macatawa_FISHc_123.jpeg,https://changes-ifr.s3.us-east-2.amazonaws.com/ss1/FISHc/double/a_first/part2/Ottawa_Macatawa_FISHc_124.jpeg,Kollen Park,"1 trap net, 1 gill net",NA,NA,old Heinz plant,"0-4' ft trap net, 20' ft gill net",a.m.,NA,"Walleye survey - 19 healthy, robust looking fish were taken.",15,gill,NA,
16-194,1979,58749112,TWINS,Cheboygan,27,June,2,July,1979,https://changes-ifr.s3.us-east-2.amazonaws.com/ss1/FISHc/double/a_first/part1/Cheboygan_TwinLakes_FISHc_035.jpg,https://changes-ifr.s3.us-east-2.amazonaws.com/ss1/FISHc/double/a_first/part1/Cheboygan_TwinLakes_FISHc_036.jpg,Off north shore of large bay in lake basin #5,trap net,std,100 feet lead,NA,12' ft,Lifts made in P.M.,T-5,4 lifts were made in this location 1 northern pike gilled in lead,46,4,11.5,
16-194,1979,58749113,TWINS,Cheboygan,26,June,10,July,1979,https://changes-ifr.s3.us-east-2.amazonaws.com/ss1/FISHc/double/a_first/part1/Cheboygan_TwinLakes_FISHc_039.jpg,https://changes-ifr.s3.us-east-2.amazonaws.com/ss1/FISHc/double/a_first/part1/Cheboygan_TwinLakes_FISHc_040.jpg,Off south shore of lake basin #4,trap net,std,100 feet lead,NA,5',Lifts made in A.M.,T-3,10 lifts were made in this location. 1 northern pike gilled in lead,330,10,33,
16-194,1979,58749115,TWINS,Cheboygan,26,June,11,July,1979,https://changes-ifr.s3.us-east-2.amazonaws.com/ss1/FISHc/double/a_first/part1/Cheboygan_TwinLakes_FISHc_037.jpg,https://changes-ifr.s3.us-east-2.amazonaws.com/ss1/FISHc/double/a_first/part1/Cheboygan_TwinLakes_FISHc_038.jpg,Off west shore of Lake basin #4,trap net,std,100 feet lead,NA,14',Lifts made in P.M.,T-4,11 lifts were made in this location 2 northern pke gilled in lead,503,11,45.7,
16-194,1979,58749117,TWINS,Cheboygan,27,June,10,July,NA,https://changes-ifr.s3.us-east-2.amazonaws.com/ss1/FISHc/double/a_first/part1/Cheboygan_TwinLakes_FISHc_047.jpg,https://changes-ifr.s3.us-east-2.amazonaws.com/ss1/FISHc/double/a_first/part1/Cheboygan_TwinLakes_FISHc_048.jpg,Off south shore of large bay in lake basin #5,trap net,std,100 feet lead,NA,10' ft,Lifts were made in P.M.,T-6,9 lifts were made in this location. 3 northern pike gilled in lead,150,9,16.7,
16-194,1979,58749126,TWINS,Cheboygan,27,June,2,July,1979,https://changes-ifr.s3.us-east-2.amazonaws.com/ss1/FISHc/double/a_first/part1/Cheboygan_Twins_FISHc_035.jpg,https://changes-ifr.s3.us-east-2.amazonaws.com/ss1/FISHc/double/a_first/part1/Cheboygan_Twins_FISHc_036.jpg,Off north shore of large bay in lake basin #5,trap net,std,100 feet lead,NA,12' ',Lifts made in P.M.,T-5,4 lifts were made in this location 1 northern pike gilled in lead,46,duplicate,NA,duplicate of 58749112
16-194,1979,58749128,TWINS,Cheboygan,26,June,11,July,1979,https://changes-ifr.s3.us-east-2.amazonaws.com/ss1/FISHc/double/a_first/part1/Cheboygan_Twins_FISHc_037.jpg,https://changes-ifr.s3.us-east-2.amazonaws.com/ss1/FISHc/double/a_first/part1/Cheboygan_Twins_FISHc_038.jpg,Off west shore of Lake basin #4,trap net,std,100 feet lead,NA,14',Lifts made in PM,T-4,11 lifts were made in this location 2 northern pike gilled in lead,503,duplicate,NA,duplicate of 58749115
16-194,1979,58749129,TWINS,Cheboygan,3,July,9,July,1979,https://changes-ifr.s3.us-east-2.amazonaws.com/ss1/FISHc/double/a_first/part1/Cheboygan_Twins_FISHc_057.jpg,https://changes-ifr.s3.us-east-2.amazonaws.com/ss1/FISHc/double/a_first/part1/Cheboygan_Twins_FISHc_058.jpg,Off east shore of large bay of lake basin #4,fyke net,NA,100 feet lead,NA,12',Lifts made in A.M.,F-1 Station 7,4 lifts were made at this location 1 northern pike was gilled in the lead,10,4,2.5,
16-194,1979,58749130,TWINS,Cheboygan,27,June,10,July,1979,https://changes-ifr.s3.us-east-2.amazonaws.com/ss1/FISHc/double/a_first/part1/Cheboygan_Twins_FISHc_047.jpg,https://changes-ifr.s3.us-east-2.amazonaws.com/ss1/FISHc/double/a_first/part1/Cheboygan_Twins_FISHc_048.jpg,Off south shore of large bay in lake basin #5,trap net,std,100 feet lead,NA,10' ft,Lifts were made in P.M.,T-6,9 lifts were made in this location. 3 northern pike gilled in lead,150,duplicate,NA,duplicate of 58749117
16-194,1979,58749132,TWINS,Cheboygan,26,June,5,July,1979,https://changes-ifr.s3.us-east-2.amazonaws.com/ss1/FISHc/double/a_first/part1/Cheboygan_Twins_FISHc_041.jpg,https://changes-ifr.s3.us-east-2.amazonaws.com/ss1/FISHc/double/a_first/part1/Cheboygan_Twins_FISHc_042.jpg,Off north side of point in lake basin #3,trap net,std,100 feet lead,NA,12',Lifts made in A.M.,T-2,7 lifts were made in this location 1 northern pike gilled in lead,54,7,7.7,
16-194,1979,58749133,TWINS,Cheboygan,26,June,2,July,1979,https://changes-ifr.s3.us-east-2.amazonaws.com/ss1/FISHc/double/a_first/part1/Cheboygan_Twins_FISHc_043.jpg,https://changes-ifr.s3.us-east-2.amazonaws.com/ss1/FISHc/double/a_first/part1/Cheboygan_Twins_FISHc_044.jpg,Off south end of Lake basin #2,trap net,std,100 feet lead,NA,"10""",Lifts made in A.M.,T-1,5 lifts were made in this location 1 Northern pke gilled in lead,20,5,4,
26-20,1965,58749968,PRATTS,Gladwin,4,October,5,October,1965,https://changes-ifr.s3.us-east-2.amazonaws.com/ss1/FISHc/double/a_first/part1/Gladwin_Pratts_FISHc_029.jpg,https://changes-ifr.s3.us-east-2.amazonaws.com/ss1/FISHc/double/a_first/part1/Gladwin_Pratts_FISHc_030.jpg,North end of lake in 2nd part (basin) off from wooded point.,fyke net,NA,NA,NA,4-10 feet,Set 2:00 10-4 Lift 1:;5 - 10-5,1,NA,9,1,9,
26-23,1967,58750049,SECORD,Gladwin,12,July,13,July,1967,https://changes-ifr.s3.us-east-2.amazonaws.com/ss1/FISHc/double/a_first/part1/Gladwin_Secord_FISHc_027.jpg,https://changes-ifr.s3.us-east-2.amazonaws.com/ss1/FISHc/double/a_first/part1/Gladwin_Secord_FISHc_028.jpg,"E. side of river, about 3000' down stream from Elk Lake Creek",trap net,NA,NA,NA,16',Set 2:00 lift 3:00,5,NA,1,1,1,
27-785,1980,58750878,RANGE,Gogebic,11,August,13,August,1980,https://changes-ifr.s3.us-east-2.amazonaws.com/ss1/FISHc/double/a_first/part1/Gogebic_Range_FISHc_013.jpg,https://changes-ifr.s3.us-east-2.amazonaws.com/ss1/FISHc/double/a_first/part1/Gogebic_Range_FISHc_014.jpg,Shoreline,5 fyke nets set 2 nights,0.75inches inches bar,75feet lead; 4feet pot,NA,6 - 9',0930 - 1330 each day,NA,Little evidence of fishing. Two anglers were attempting to catch gold shiners for use as bait at another lake. Channel to main body of lake is very weed choked.,71,5,14.2,
34-73,1978,58751518,LONG,Ionia,4,May,NA,NA,NA,https://changes-ifr.s3.us-east-2.amazonaws.com/ss1/FISHc/double/a_first/part2/Ionia_Long_FISHc_045.jpg,https://changes-ifr.s3.us-east-2.amazonaws.com/ss1/FISHc/double/a_first/part2/Ionia_Long_FISHc_046.jpg,Randomly from Public Access site on south shore.,3 fyke and 1 trap net,NA,NA,NA,1-6 feet,One night,NA,Survey to evaluate the 1977 spring partial treatment on the panfish. There has been vast improvement in the size range of panfish as compared to pretreatment time.,145,4,36.3,
34-73,1979,58751516,LONG,Ionia,15,May,NA,NA,NA,https://changes-ifr.s3.us-east-2.amazonaws.com/ss1/FISHc/double/a_first/part2/Ionia_Long_FISHc_019.jpg,https://changes-ifr.s3.us-east-2.amazonaws.com/ss1/FISHc/double/a_first/part2/Ionia_Long_FISHc_020.jpg,total lake,"4 trap nets, 2 exp. gills",NA,gills - 125feet x 2,NA,4' ft,24 hr. set,NA,Survey in conjunction with selective treatment program. Many pike taken but very skinny. Panfish good size and appear healthy as do the bass. 3-4 bluegills sampled were very pale. Sunfish-bluegill hybridizing noted. Yellow-brown bullhead also look hybridized.,98,gill,NA,
41-732,1976,58752912,LONG,Kent,20,May,NA,NA,NA,https://changes-ifr.s3.us-east-2.amazonaws.com/ss1/FISHc/double/a_first/part2/Kent_Long_FISHc_049.jpg,https://changes-ifr.s3.us-east-2.amazonaws.com/ss1/FISHc/double/a_first/part2/Kent_Long_FISHc_050.jpg,entire lake,"3 trap nets, 1 gill net",NA,NA,entire lake,1 to 20 ft,NA,NA,Bluegills appear small and stunted. Several large largemouth bass were observed on the beds. A selective treatment with antimycin is recommended.,215,gill,NA,remarks also say small and stunted
34-73,1971,58751535,LONG,Ionia,25,June,NA,NA,NA,https://changes-ifr.s3.us-east-2.amazonaws.com/ss1/FISHc/double/a_first/part2/Ionia_Long_FISHc_091.jpg,https://changes-ifr.s3.us-east-2.amazonaws.com/ss1/FISHc/double/a_first/part2/Ionia_Long_FISHc_092.jpg,entire lake,3 fyke and 2 trap nets,NA,NA,entire,5 to 10 ft,3:00 PM,NA,Largemouth bass were in excellent condition. Bluegills were small. Fishermen complained about small panfish present.,142,unknown,NA,
35-96,1960,58751616,LONG,Iosco,14,July,15,July,1960,https://changes-ifr.s3.us-east-2.amazonaws.com/ss1/FISHc/double/a_first/part2/Iosco_Long_FISHc_015.jpg,https://changes-ifr.s3.us-east-2.amazonaws.com/ss1/FISHc/double/a_first/part2/Iosco_Long_FISHc_016.jpg,NA,trap nets - fyke nets,2inches in pot,NA,NA,4 - 6 ft,NA,NA,48 hours each for 2 trapnets and 2 fykenets,163,4,40.8,
41-573,1977,58752836,BASS,Kent,14,April,15,NA,NA,https://changes-ifr.s3.us-east-2.amazonaws.com/ss1/FISHc/double/a_first/part2/Kent_Bass_FISHc_027.jpg,https://changes-ifr.s3.us-east-2.amazonaws.com/ss1/FISHc/double/a_first/part2/Kent_Bass_FISHc_028.jpg,Random,two days with 2 traps & 2 fykes,NA,NA,NA,1-8 feet,NA,NA,"Bluegill growth and average size has substantially increased, following selective treatment program. Fish are in excellent condition.",194,4,48.5,
41-573,1975,58752837,BASS,Kent,3,September,4,September,1975,https://changes-ifr.s3.us-east-2.amazonaws.com/ss1/FISHc/double/a_first/part2/Kent_Bass_FISHc_029.jpg,https://changes-ifr.s3.us-east-2.amazonaws.com/ss1/FISHc/double/a_first/part2/Kent_Bass_FISHc_030.jpg,NA,"2 gill nets, 3 fyke nets & 3 trap nets",NA,NA,NA,1 - 3 ft,NA,NA,Evaluation of partial treatment program. The quality of the bluegill fishing has improved spectacularly since inception of the partial treatment program with the chemical antimycin.,353,gill,NA,
41-573,1980,58752833,BASS,Kent,21,May,NA,NA,NA,https://changes-ifr.s3.us-east-2.amazonaws.com/ss1/FISHc/double/a_first/part2/Kent_Bass_FISHc_019.jpg,https://changes-ifr.s3.us-east-2.amazonaws.com/ss1/FISHc/double/a_first/part2/Kent_Bass_FISHc_020.jpg,entire lake,4 trap nets set overnight,NA,NA,all of lake,1-7' ft,9:00 a.m. - 1:00 p.m.,Fish Mgt.,"Selective treatment program is working well. Found many large (6-8"") healthy bluegills with ""shoulders"" and big ""slab"" crappies. Fish appear to be moving into the shallows. Good survey but nets didn't fish as well as expected.",163,4,40.8,
41-573,1979,58752835,BASS,Kent,19,September,NA,NA,NA,https://changes-ifr.s3.us-east-2.amazonaws.com/ss1/FISHc/double/a_first/part2/Kent_Bass_FISHc_021.jpg,https://changes-ifr.s3.us-east-2.amazonaws.com/ss1/FISHc/double/a_first/part2/Kent_Bass_FISHc_022.jpg,entire lake,"1 fyke, 3 trap nets",NA,NA,entire lake,1-6',12:00 noon,NA,Survey was in conjunction with the selective treatment program. Panfish appear to be doing well in spite of many small ones present. Selective treatment program is holding up well.,245,unknown,NA,
41-501,1977,58752854,BROWERBIG,Kent,12,April,NA,NA,NA,https://changes-ifr.s3.us-east-2.amazonaws.com/ss1/FISHc/double/a_first/part2/Kent_BrowerBig_FISHc_038.jpg,https://changes-ifr.s3.us-east-2.amazonaws.com/ss1/FISHc/double/a_first/part2/Kent_BrowerBig_FISHc_039.jpg,Entire lake,"2 trap, 2 fyke, 2 gill nets",NA,NA,Entire lake,1-20 feet,10:00 a.m.,NA,Panfish growth appears to be improving. Average size of bluegills has increased considerably since selective treatment program. Small panfish are in evidence. Northern pike year classes are impressive. Additional northern pike plants are recommended.,214,gill,NA,
41-501,1974,58752853,BROWERBIG,Kent,17,October,NA,NA,NA,https://changes-ifr.s3.us-east-2.amazonaws.com/ss1/FISHc/double/a_first/part2/Kent_BrowerBig_FISHc_044.jpg,https://changes-ifr.s3.us-east-2.amazonaws.com/ss1/FISHc/double/a_first/part2/Kent_BrowerBig_FISHc_045.jpg,Entire lake,fyke & trap nets,NA,NA,Entire lake,1 to 6 ft,NA,NA,Survey was follow-up to selective treatment program. Improvements in panfish average size being seen.,141,unknown,NA,
41-501,1973,58752858,BROWERBIG,Kent,19,September,NA,NA,NA,https://changes-ifr.s3.us-east-2.amazonaws.com/ss1/FISHc/double/a_first/part2/Kent_BrowerBig_FISHc_052.jpg,https://changes-ifr.s3.us-east-2.amazonaws.com/ss1/FISHc/double/a_first/part2/Kent_BrowerBig_FISHc_053.jpg,entire lake,"fyke, trap, gill nets",experimental,125 feet,entire lake,1 to 15 ft,1:30 p.m.,NA,Survey was done to evaluate a 1967 partial treatment. Bluegills appear small and stunted. Further partial treatment program is recommended.,61,gill,NA,
41-501,1978,58752852,BROWERBIG,Kent,25,May,NA,NA,NA,https://changes-ifr.s3.us-east-2.amazonaws.com/ss1/FISHc/double/a_first/part2/Kent_BrowerBig_FISHc_024.jpg,https://changes-ifr.s3.us-east-2.amazonaws.com/ss1/FISHc/double/a_first/part2/Kent_BrowerBig_FISHc_025.jpg,entire lake,"1 fyke, 3 trap nets",NA,NA,entire lake,1-5' ft,9:30 a.m.,NA,This survey was conducted to evaluate the selective treatment program. Panfish are in good condition.,149,unknown,NA,
41-45,1977,58752865,CAMPAU,Kent,20,June,22,June,1977,https://changes-ifr.s3.us-east-2.amazonaws.com/ss1/FISHc/double/a_first/part2/Kent_Campau_FISHc_026.jpg,https://changes-ifr.s3.us-east-2.amazonaws.com/ss1/FISHc/double/a_first/part2/Kent_Campau_FISHc_027.jpg,Randomly,3 fyke and 3 trap nets,NA,NA,NA,1 - 6 feet.,NA,NA,Heavy population of small bluegills - may need thinning. Tiger muskies may not be moving well this time of year as only three were taken.,1050,6,175,
41-29,1971,58752869,CAMPBELL,Kent,27,July,NA,NA,NA,https://changes-ifr.s3.us-east-2.amazonaws.com/ss1/FISHc/double/a_first/part2/Kent_Campbell_FISHc_006.jpg,https://changes-ifr.s3.us-east-2.amazonaws.com/ss1/FISHc/double/a_first/part2/Kent_Campbell_FISHc_007.jpg,entire lake,"gill nets, fyke net",experimental,125 feet,entire lake,6 to 25 ft,11:00 AM,NA,Yellow perch very large and numerous. Bluegill fishing reported to be good with large ones being taken. Eight fishing boats were on the lake 9:00 AM 7-27-71.,28,unknown,NA,
41-386,1972,58752872,CRANBERRY,Kent,11,May,12,May,1972,https://changes-ifr.s3.us-east-2.amazonaws.com/ss1/FISHc/double/a_first/part2/Kent_Cranberry_FISHc_011.jpg,https://changes-ifr.s3.us-east-2.amazonaws.com/ss1/FISHc/double/a_first/part2/Kent_Cranberry_FISHc_012.jpg,entire lake,"6 fykes, 2 experimental gill nets",experimental,125 feet,1 to 20 ft.,6 ft - fykes; 20 ft - gill nets,NA,NA,"Fishermen report catching many 6""+ bluegills. Bass fishing has declined somewhat in recent years.",857,gill,NA,
41-410,1973,58750957,CRAWFORD,Kent,19,September,NA,NA,NA,https://changes-ifr.s3.us-east-2.amazonaws.com/ss1/FISHc/double/a_first/part1/Kent_Crawford_FISHc_008.jpg,https://changes-ifr.s3.us-east-2.amazonaws.com/ss1/FISHc/double/a_first/part1/Kent_Crawford_FISHc_009.jpg,entire lake,4 fyke nets,NA,NA,entire lake,1 to 6 ft,1:10 p.m.,NA,Survey was done to check for the presence of walleyes from previous plants for rearing purposes. Bluegills in good condition. Walleyes relatively abundant.,105,4,26.3,
41-302,1972,58752878,CROOKEDBIG,Kent,2,May,3,May,1972,https://changes-ifr.s3.us-east-2.amazonaws.com/ss1/FISHc/double/a_first/part2/Kent_CrookedBig_FISHc_033.jpg,https://changes-ifr.s3.us-east-2.amazonaws.com/ss1/FISHc/double/a_first/part2/Kent_CrookedBig_FISHc_034.jpg,entire lake,"4 fyke nets, 2 trap nets",NA,NA,1' - 5' depth,5',NA,NA,NA,238,6,39.7,
41-209,1972,58752881,DEAN,Kent,11,April,17,April,1972,https://changes-ifr.s3.us-east-2.amazonaws.com/ss1/FISHc/double/a_first/part2/Kent_Dean_FISHc_023.jpg,https://changes-ifr.s3.us-east-2.amazonaws.com/ss1/FISHc/double/a_first/part2/Kent_Dean_FISHc_024.jpg,entire lake,"5 fykes, 1 trap net",NA,NA,NA,4 ft,NA,NA,Bluegills and tiger muskies growing well and in good condition. No evidence of reproduction in muskies. All goldfish observed were large indicating the muskies are utilizing them for forage.,349,6,58.2,
41-209,1970,58752880,DEAN,Kent,3,June,NA,NA,NA,https://changes-ifr.s3.us-east-2.amazonaws.com/ss1/FISHc/double/a_first/part2/Kent_Dean_FISHc_025.jpg,https://changes-ifr.s3.us-east-2.amazonaws.com/ss1/FISHc/double/a_first/part2/Kent_Dean_FISHc_026.jpg,entire lake,3 trap nets 3 fyke nets,NA,NA,NA,4',10:00a.m.,NA,Tiger muskies planted on top of goldfish fish population in 1969. Growth of these fish has been excellent. The fish averaged 8.8'' when planted 8/6/69. Bluegills are stunted.,250,unknown,NA,
41-732,1970,58752914,LONG,Kent,4,June,5,June,1970,https://changes-ifr.s3.us-east-2.amazonaws.com/ss1/FISHc/double/a_first/part2/Kent_Long_FISHc_057.jpg,https://changes-ifr.s3.us-east-2.amazonaws.com/ss1/FISHc/double/a_first/part2/Kent_Long_FISHc_058.jpg,south side and east end,3 trap nets and 3 fyke nets,NA,NA,shore outward,3 ft to 8 ft,8:30-9:00 A.M.,NA,NA,58,6,9.7,
41-732,1979,58752910,LONG,Kent,26,April,NA,NA,NA,https://changes-ifr.s3.us-east-2.amazonaws.com/ss1/FISHc/double/a_first/part2/Kent_Long_FISHc_037.jpg,https://changes-ifr.s3.us-east-2.amazonaws.com/ss1/FISHc/double/a_first/part2/Kent_Long_FISHc_038.jpg,entire lake,3 trap nets,NA,100-150feet leads,,4' ft,48 hr. set,NA,fish appear very healthy and show good size. Survey was to evaluate selective treatment program.,49,3,16.3,
41-732,1978,58752909,LONG,Kent,12,May,NA,NA,NA,https://changes-ifr.s3.us-east-2.amazonaws.com/ss1/FISHc/double/a_first/part2/Kent_Long_FISHc_045.jpg,https://changes-ifr.s3.us-east-2.amazonaws.com/ss1/FISHc/double/a_first/part2/Kent_Long_FISHc_046.jpg,Entire lake,"2 trap, 1 fyke",NA,NA,1-6' entire lake,1-6' ft,NA,NA,Survey was done to evaluate selective treatment program. Few fish were taken. Two nets had been opened or broken into. I recommend additional netting at a later date.,15,unknown,NA,
41-732,1978,58752911,LONG,Kent,21,September,NA,NA,NA,https://changes-ifr.s3.us-east-2.amazonaws.com/ss1/FISHc/double/a_first/part2/Kent_Long_FISHc_041.jpg,https://changes-ifr.s3.us-east-2.amazonaws.com/ss1/FISHc/double/a_first/part2/Kent_Long_FISHc_042.jpg,entire lake,3 trap nets,NA,NA,1 - 6' feet - entire lake,1 - 6' feet,NA,NA,Survey was done to evaluate selective treatment program. Panfish appear to be somewhat larger and more robust.,89,unknown,NA,
41-732,1980,58752916,LONG,Kent,20,May,NA,NA,NA,https://changes-ifr.s3.us-east-2.amazonaws.com/ss1/FISHc/double/a_first/part2/Kent_Long_FISHc_035.jpg,https://changes-ifr.s3.us-east-2.amazonaws.com/ss1/FISHc/double/a_first/part2/Kent_Long_FISHc_036.jpg,entire lake,4 trap nets set overnight,NA,NA,entire lake,1-7' ft,2:30 p.m.,NA,"From this survey, the panfish seem in excellent condition. The selective treatment program remains successful.",82,4,20.5,
41-278,1979,58752957,PINEISLANDBIG,Kent,21,September,NA,NA,NA,https://changes-ifr.s3.us-east-2.amazonaws.com/ss1/FISHc/double/a_first/part2/Kent_PineIslandBig_FISHc_045.jpg,https://changes-ifr.s3.us-east-2.amazonaws.com/ss1/FISHc/double/a_first/part2/Kent_PineIslandBig_FISHc_046.jpg,S end of lake & E side just N of island,"2 trap nets, 1 night set",NA,NA,NA,1-6',8am-9am,NA,"Bob Davey set 2 nets by himself. Although they were set tight and straight (quite a job with one hand!), they were fished very poorly. Many aquatic weeds on ropes and anchors after 1 night set. Selective treatment program evaluation. Enough were observed to indicate needing another partial. Additional comments on back Comments: con't. 1970 - Bluegills stunting - growth indexes negative by more than 1"" for all ages sampled. 1974 - One year after 1st antimycin partial. All age classes checked equal or exceed state avg. growth rates. 1978 - 3 years after last antimycin partial. Growth indexes range from -0.1 to +0.5"", not as good as 1974 but still far better than in 1970.",33,2,16.5,
41-278,1975,58752958,PINEISLANDBIG,Kent,5,February,NA,NA,NA,https://changes-ifr.s3.us-east-2.amazonaws.com/ss1/FISHc/double/a_first/part2/Kent_PineIslandBig_FISHc_029.jpg,https://changes-ifr.s3.us-east-2.amazonaws.com/ss1/FISHc/double/a_first/part2/Kent_PineIslandBig_FISHc_030.jpg,At 6 random locations,"2 fyke, 2 trap, & 2 gill nets",NA,NA,NA,1-18 - 18 feet,NA,NA,Except for bullheads the catch was small. Dense growths of aquatic vegetation in depths suitable for out [sic] netting gear is suspected as the cause for the poor results. The catch certainly does not support the fine pondfish fish angling reports we believe to be true.,9,gill,NA,
41-278,1974,58752964,PINEISLANDBIG,Kent,17,October,NA,NA,NA,https://changes-ifr.s3.us-east-2.amazonaws.com/ss1/FISHc/double/a_first/part2/Kent_PineIslandBig_FISHc_079.jpg,https://changes-ifr.s3.us-east-2.amazonaws.com/ss1/FISHc/double/a_first/part2/Kent_PineIslandBig_FISHc_080.jpg,Entire lake,fyke & trap nets,NA,NA,NA,1 to 6 ft,NA,NA,Follow-up to selective treatment program. Bluegill average size improving. Program appears. Program appears successful.,35,unknown,NA,
16-252,1977,58748946,DOUGLAS,Cheboygan,10,May,20,May,1977,https://changes-ifr.s3.us-east-2.amazonaws.com/ss1/FISHc/double/a_first/part1/Cheboygan_Douglas_FISHc_073.jpg,https://changes-ifr.s3.us-east-2.amazonaws.com/ss1/FISHc/double/a_first/part1/Cheboygan_Douglas_FISHc_074.jpg,Off NW end of Fairy Island,trap net,standard,100 feet lead,100' feet from shore out,0-10' feet,Lifts were made between 10-12 noon,T=1,This net fished 11 net nights in the same location. All of the smallmouth bass were tagged. Set location is marked on the attached map.,1,10,0.1,
27-Feb,1975,59964022,FISH,ALGER,25,August,NA,NA,NA,https://changes-ifr.s3.us-east-2.amazonaws.com/ss2/FISHc/double/a_first/ALGER_FISH_FISHc_0003_1.jpeg,https://changes-ifr.s3.us-east-2.amazonaws.com/ss2/FISHc/double/a_first/ALGER_FISH_FISHc_0003_2.jpeg,Select locations around the lake,exp. gill (4); fyke (2); trap (2); 50feet bag seine (2 hauls),NA,NA,NA,NA,overnight,NA,An abundance of northern pike spawning habitat noted. Overall warm water fish habitat quite good. Most anglers interviewed were seeking northern pike.,87,gill,NA,
Feb-61,1975,59964219,MCCOMB,ALGER,6,October,7,October,1975,https://changes-ifr.s3.us-east-2.amazonaws.com/ss2/FISHc/double/a_first/ALGER_McCOMB_FISHc_0001_1.jpeg,https://changes-ifr.s3.us-east-2.amazonaws.com/ss2/FISHc/double/a_first/ALGER_McCOMB_FISHc_0001_2.jpeg,Select locations around the shoreline of the lake.,"experimental gill (4), trap (1), fyke (1) s.d. fyke (2), 50feet bag seine",variable,NA,600' x 6'; 3' x X'; 4' x X,NA,Overnight,NA,NA,9,gill,NA,
2-Feb,1975,59964258,MOCCASIN,ALGER,18,September,23,September,1975,https://changes-ifr.s3.us-east-2.amazonaws.com/ss2/FISHc/double/a_first/ALGER_MOCCASIN_FISHc_0002_1.jpeg,https://changes-ifr.s3.us-east-2.amazonaws.com/ss2/FISHc/double/a_first/ALGER_MOCCASIN_FISHc_0002_2.jpeg,Select locations around the lake.,exp. gill nets; s. dakota fykes; 50feet bag seine,NA,NA,NA,NA,NA,NA,goodly numbers of juvenille smallmouth bass taken but adults appear few in number,195,gill,NA,
1-Feb,1975,59964421,THORNTON,ALGER,24,September,25,September,1975,https://changes-ifr.s3.us-east-2.amazonaws.com/ss2/FISHc/double/a_first/ALGER_THORNTON_FISHc_0003_1.jpeg,https://changes-ifr.s3.us-east-2.amazonaws.com/ss2/FISHc/double/a_first/ALGER_THORNTON_FISHc_0003_2.jpeg,Select locations around the shoreline of the lake.,exp. gill; s.d. fyke; trap; 50feet bag bagseine,NA,NA,NA,NA,Overnight,NA,No adult largemouth bass taken but reproduction evident. The failure to capture adult bass may possibly reflect the time of year and gear used.,120,gill,NA,
1-Apr,1972,59964703,BEAVER,ALPENA,12,July,13,July,1972,https://changes-ifr.s3.us-east-2.amazonaws.com/ss2/FISHc/double/a_first/ALPENA_BEAVER_FISHc_0004_1.jpeg,https://changes-ifr.s3.us-east-2.amazonaws.com/ss2/FISHc/double/a_first/ALPENA_BEAVER_FISHc_0004_2.jpeg,"South end, off outlet channel.",trap net,NA,NA,NA,0 - 0-4',48 hrs.,T-2,6 painted turtles,4,1,4,
1-Apr,1972,59964704,BEAVER,ALPENA,12,July,13,NA,NA,https://changes-ifr.s3.us-east-2.amazonaws.com/ss2/FISHc/double/a_first/ALPENA_BEAVER_FISHc_0005_1.jpeg,https://changes-ifr.s3.us-east-2.amazonaws.com/ss2/FISHc/double/a_first/ALPENA_BEAVER_FISHc_0005_2.jpeg,"West shore, opposite point on East shore.",trap net,NA,NA,NA,0 - 0-10',48 hrs,T-3,NA,30,1,30,
1-Apr,1972,59964705,BEAVER,ALPENA,12,July,13,July,1972,https://changes-ifr.s3.us-east-2.amazonaws.com/ss2/FISHc/double/a_first/ALPENA_BEAVER_FISHc_0006_1.jpeg,https://changes-ifr.s3.us-east-2.amazonaws.com/ss2/FISHc/double/a_first/ALPENA_BEAVER_FISHc_0006_2.jpeg,West shore opposite County Park.,trap net,NA,NA,NA,0-10 feet,48 hrs.,T-4,NA,23,1,23,
1-Apr,1972,59964706,BEAVER,ALPENA,12,July,13,July,1972,https://changes-ifr.s3.us-east-2.amazonaws.com/ss2/FISHc/double/a_first/ALPENA_BEAVER_FISHc_0007_1.jpeg,https://changes-ifr.s3.us-east-2.amazonaws.com/ss2/FISHc/double/a_first/ALPENA_BEAVER_FISHc_0007_2.jpeg,"West shore, 600 ft. South of middle point.",trap net,NA,NA,NA,0-20',48 hrs.,T-5,3 snapping turtles - one 27 lbs.,10,1,10,
1-Apr,1972,59964714,BEAVER,ALPENA,12,July,13,NA,NA,https://changes-ifr.s3.us-east-2.amazonaws.com/ss2/FISHc/double/a_first/ALPENA_BEAVER_FISHc_0015_1.jpeg,https://changes-ifr.s3.us-east-2.amazonaws.com/ss2/FISHc/double/a_first/ALPENA_BEAVER_FISHc_0015_2.jpeg,"Off E. shore at S. End, South of point.",trap net (small mesh).,NA,NA,NA,0-4 feet,48 hours,T-1,1 snapping turtle (about 10 lbs) 1 pointed turtle,38,1,38,
49-45,1979,59967492,BREVORT,Mackinac,8,May,22,May,1979,https://changes-ifr.s3.us-east-2.amazonaws.com/ss2/FISHc/double/a_first/Mackinac_Brevort_FISHc_085.jpg,https://changes-ifr.s3.us-east-2.amazonaws.com/ss2/FISHc/double/a_first/Mackinac_Brevort_FISHc_086.jpg,Along north shore of Bodney Bay and narrows into the main basin OH Lt. Brevort River and Silver Creek Mouth,6- 4inches fyke nets and 3 us f.s. small fykes with wings,NA,NA,NA,0 - 2 m,NA,NA,"This collection was made in conjunction with 1979 great lakes muskellunge egg take. Northern Pike management appears to be paying off, Collection is for 9 nets, set 21 days (189 netnights)",70,9,7.8,
49-45,1956,59967489,BREVORT,Mackinac,8,September,NA,NA,NA,https://changes-ifr.s3.us-east-2.amazonaws.com/ss2/FISHc/double/a_first/Mackinac_Brevort_FISHc_173.jpg,https://changes-ifr.s3.us-east-2.amazonaws.com/ss2/FISHc/double/a_first/Mackinac_Brevort_FISHc_174.jpg,Near mouth of Silver Creek in west bay (56-1 on map),1 - 4feet wisc. type fyke net,1inches,100 feet lead,NA,0 - 0-5' (lead attached to shore),"Set 10 am 9/6/56, lifted 9/8/56",NA,NA,14,1,14,
49-45,1956,59967494,BREVORT,Mackinac,8,September,8,NA,NA,https://changes-ifr.s3.us-east-2.amazonaws.com/ss2/FISHc/double/a_first/Mackinac_Brevort_FISHc_175.jpg,https://changes-ifr.s3.us-east-2.amazonaws.com/ss2/FISHc/double/a_first/Mackinac_Brevort_FISHc_176.jpg,Opposite to USFS park point (56-2 on map),1 - 1-4feet wisc. type fyke net,1inches inch,75feet lead,NA,NA,"Set 9/6/56, raised 9/8/56",NA,NA,4,1,4,
49-45,1956,59967495,BREVORT,Mackinac,11,September,9,NA,NA,https://changes-ifr.s3.us-east-2.amazonaws.com/ss2/FISHc/double/a_first/Mackinac_Brevort_FISHc_177.jpg,https://changes-ifr.s3.us-east-2.amazonaws.com/ss2/FISHc/double/a_first/Mackinac_Brevort_FISHc_178.jpg,Off point S & N of Whiteside Reef (56-3 on map),1 - 1-4feet trap net,1inches inch,200 feet lead,NA,5-20',9/8/56-9/9/56,NA,Sizes estimated,5,1,5,
49-45,1956,59967496,BREVORT,Mackinac,6,September,8,September,1956,https://changes-ifr.s3.us-east-2.amazonaws.com/ss2/FISHc/double/a_first/Mackinac_Brevort_FISHc_179.jpg,https://changes-ifr.s3.us-east-2.amazonaws.com/ss2/FISHc/double/a_first/Mackinac_Brevort_FISHc_180.jpg,Off point east & south of Whiteside reef (56-3 on map),1 - 4feet trap net,1inches,200 feet lead,NA,5-20',"Set 9/6/56, raised 9/8/56",NA,NA,18,1,18,
49-45,1956,59967499,BREVORT,Mackinac,8,September,8,September,1956,https://changes-ifr.s3.us-east-2.amazonaws.com/ss2/FISHc/double/a_first/Mackinac_Brevort_FISHc_185.jpg,https://changes-ifr.s3.us-east-2.amazonaws.com/ss2/FISHc/double/a_first/Mackinac_Brevort_FISHc_186.jpg,Off mouth of Cut River (56-5 on map),1 - 4feet trap net,1inches,200 feet lead,NA,5 - 5-6' (put in 6-6 - 6 1/2),Set 9/6 raised 9/8,NA,NA,9,1,9,
49-45,1956,59967502,BREVORT,Mackinac,11,September,10,NA,NA,https://changes-ifr.s3.us-east-2.amazonaws.com/ss2/FISHc/double/a_first/Mackinac_Brevort_FISHc_193.jpg,https://changes-ifr.s3.us-east-2.amazonaws.com/ss2/FISHc/double/a_first/Mackinac_Brevort_FISHc_194.jpg,Off mouth of Brevort River in Worth's Bay (56-8),1-4 - 4 foot wisc. type fyke net,1inches inch,100 feet lead,NA,3-4 feet,"Set 9/9, raised 9/10",NA,Minimum - maximum sizes estimated,22,1,22,
49-45,1956,59967505,BREVORT,Mackinac,11,September,10,NA,NA,https://changes-ifr.s3.us-east-2.amazonaws.com/ss2/FISHc/double/a_first/Mackinac_Brevort_FISHc_197.jpg,https://changes-ifr.s3.us-east-2.amazonaws.com/ss2/FISHc/double/a_first/Mackinac_Brevort_FISHc_198.jpg,Off dense bed of reed grass near mouth of Cut River (56-9),1 - 4 foot wisc. type fyke net,1inches inch,100 feet lead,NA,3-6' feet,"Set 9/8, raised 9/10",NA,Maximum - minimum sizes estimated,3,1,3,
49-45,1956,59967506,BREVORT,Mackinac,12,September,12,NA,NA,https://changes-ifr.s3.us-east-2.amazonaws.com/ss2/FISHc/double/a_first/Mackinac_Brevort_FISHc_199.jpg,https://changes-ifr.s3.us-east-2.amazonaws.com/ss2/FISHc/double/a_first/Mackinac_Brevort_FISHc_200.jpg,Off Black Point (56-11 on map),1 - 4feet trap net,1inches,200 feet lead,NA,6-12',"Set 9/8, raised 9/11",NA,Sizes estimated,17,1,17,
49-45,1956,59967507,BREVORT,Mackinac,8,September,12,September,1956,https://changes-ifr.s3.us-east-2.amazonaws.com/ss2/FISHc/double/a_first/Mackinac_Brevort_FISHc_207.jpg,https://changes-ifr.s3.us-east-2.amazonaws.com/ss2/FISHc/double/a_first/Mackinac_Brevort_FISHc_208.jpg,Totals of 1956 Survey,"trap, fyke, gill nets",lifeeted,"8 t, 5 f, 1500feet g",Entire lake,NA,NA,NA,(Over),107,gill,NA,
49-45,1956,59967508,BREVORT,Mackinac,12,September,12,September,1956,https://changes-ifr.s3.us-east-2.amazonaws.com/ss2/FISHc/double/a_first/Mackinac_Brevort_FISHc_203.jpg,https://changes-ifr.s3.us-east-2.amazonaws.com/ss2/FISHc/double/a_first/Mackinac_Brevort_FISHc_204.jpg,Off point west of Massey Creek mouth (56-13 on map),1 - 4feet trap net,1inches inch,200 feet lead,NA,6-12 ft,Set 9/10 - raised 9/12/56,NA,Sizes estimated,2,1,2,
49-45,1956,59967509,BREVORT,Mackinac,12,September,NA,NA,NA,https://changes-ifr.s3.us-east-2.amazonaws.com/ss2/FISHc/double/a_first/Mackinac_Brevort_FISHc_205.jpg,https://changes-ifr.s3.us-east-2.amazonaws.com/ss2/FISHc/double/a_first/Mackinac_Brevort_FISHc_206.jpg,On rock reef off Massey's Resort (56-14 on map),1 - 4feet wisconsin fyke net,NA,100 feet lead,NA,3 - 5’,Set 9/10 raised 9/11,NA,Sizes estimated.,3,1,3,
52-91,1962,59967693,ANDERSON,Marquette,2,August,3,August,1962,https://changes-ifr.s3.us-east-2.amazonaws.com/ss2/FISHc/double/a_first/Marquette_Anderson_FISHc_016.jpg,https://changes-ifr.s3.us-east-2.amazonaws.com/ss2/FISHc/double/a_first/Marquette_Anderson_FISHc_017.jpg,NA,3 exp. gill nets (1 night) 1 trap & fyke (2 nights),NA,NA,NA,0-17',"10 AM Aug. 2 - 12 AM, August 4",NA,Four snapping turtles 20-25# pounds also taken in fyke net.,136,gill,NA,
52-661,1975,59967930,HORSESHOE,Marquette,25,August,28,August,1975,https://changes-ifr.s3.us-east-2.amazonaws.com/ss2/FISHc/double/a_first/Marquette_Horseshoe45N_FISHc_30W_S22_012.jpg,https://changes-ifr.s3.us-east-2.amazonaws.com/ss2/FISHc/double/a_first/Marquette_Horseshoe45N_FISHc_30W_S22_013.jpg,"Off sunken island, off NW shore, off point on west shore, off point in SW bay; various locations throughout lake","exp. gill nets, 3feet trap nets, 4feet fyke nets, 150feet seine (.25inches mesh)",variable,NA,6' x 1875' 125' x 50' x X about .1 acre seined,2-20',Three nights,NA,"Many y-o-y largemouth bass observed near shore, however, no adult smallmouth or largemouth were taken in three nights of fishing. A few nice perch and bluegills were taken near shore.",58,gill,NA,
54-232,1965,59968549,CHIPPEWA,Mecosta,18,October,20,October,1965,https://changes-ifr.s3.us-east-2.amazonaws.com/ss2/FISHc/double/a_first/Mecosta_Chippewa_FISHc_026.jpg,https://changes-ifr.s3.us-east-2.amazonaws.com/ss2/FISHc/double/a_first/Mecosta_Chippewa_FISHc_027.jpg,E bay off point across from P.F.S. out from gray cottage,fyke net,NA,NA,NA,4 - 12',Set 11:00 10-18 Lift 11:00 10-19 / Lift 1:00 10-20,1,NA,98,1,98,
54-232,1965,59968550,CHIPPEWA,Mecosta,18,October,20,October,1965,https://changes-ifr.s3.us-east-2.amazonaws.com/ss2/FISHc/double/a_first/Mecosta_Chippewa_FISHc_028.jpg,https://changes-ifr.s3.us-east-2.amazonaws.com/ss2/FISHc/double/a_first/Mecosta_Chippewa_FISHc_029.jpg,SE side of lake out from county park on Co. Rd. 570,fyke net,NA,NA,NA,3 - 6',Set 1:00 10-18 Lift 1:30 10-20,2,NA,2,1,2,
54-232,1965,59968554,CHIPPEWA,Mecosta,18,October,20,October,1965,https://changes-ifr.s3.us-east-2.amazonaws.com/ss2/FISHc/double/a_first/Mecosta_Chippewa_FISHc_030.jpg,https://changes-ifr.s3.us-east-2.amazonaws.com/ss2/FISHc/double/a_first/Mecosta_Chippewa_FISHc_031.jpg,NW corner of lake off S side of point out from small pink cottage.,fyke net,NA,NA,NA,4-5',Set 1:30 10/18; Lift 2:00 10-20,3,NA,6,1,6,
54-54,1971,59968707,MECOSTA,Mecosta,29,June,30,June,1971,https://changes-ifr.s3.us-east-2.amazonaws.com/ss2/FISHc/double/a_first/Mecosta_Mecosta_FISHc_023.jpg,https://changes-ifr.s3.us-east-2.amazonaws.com/ss2/FISHc/double/a_first/Mecosta_Mecosta_FISHc_024.jpg,South of spring on west shore,trap net,experimental,125feet,125',7',Set 10:00; lift 2:00,1,NA,35,1,35,
54-118,1977,59968752,PRETTY,Mecosta,19,April,20,April,1977,https://changes-ifr.s3.us-east-2.amazonaws.com/ss2/FISHc/double/a_first/Mecosta_Pretty_FISHc_017.jpg,https://changes-ifr.s3.us-east-2.amazonaws.com/ss2/FISHc/double/a_first/Mecosta_Pretty_FISHc_018.jpg,Bayou on far northwest corner of lake,trap net,NA,NA,NA,4',Set 11:00 a.m. - Lift 11:00 a.m.,3,Lake was netted to collect panfish for stocking in winterkill lakes.,3,1,3,
54-118,1977,59968753,PRETTY,Mecosta,19,April,20,April,1977,https://changes-ifr.s3.us-east-2.amazonaws.com/ss2/FISHc/double/a_first/Mecosta_Pretty_FISHc_023.jpg,https://changes-ifr.s3.us-east-2.amazonaws.com/ss2/FISHc/double/a_first/Mecosta_Pretty_FISHc_024.jpg,South west shore out from new brown brick house.,trap net,NA,NA,NA,7',Set 1:00 p.m. - Lift 2:00 p.m.,6,Lake was netted to collect panfish for stocking in winterkill lakes.,3,1,3,
61-144,1978,59969223,BLUEBIG,MUSKEGON,1,November,2,November,1978,https://changes-ifr.s3.us-east-2.amazonaws.com/ss2/FISHc/double/a_first/MUSKEGON_BLUEBIG_FISHc_0005_1.jpeg,https://changes-ifr.s3.us-east-2.amazonaws.com/ss2/FISHc/double/a_first/MUSKEGON_BLUEBIG_FISHc_0005_2.jpeg,Sets were made at selected locations to completely survey the lake.,4 trap nets,NA,NA,entire lake,0 - 0-10',a.m.,NA,"Lake extremely clear, nets fished the best when in or near vegetation. Saw some bass going between nets, left best net set and reset another to catch more bluegills for length frequency.",122,4,30.5,
61-144,1971,59969226,BLUEBIG,MUSKEGON,22,July,NA,NA,NA,https://changes-ifr.s3.us-east-2.amazonaws.com/ss2/FISHc/double/a_first/MUSKEGON_BLUEBIG_FISHc_0008_1.jpeg,https://changes-ifr.s3.us-east-2.amazonaws.com/ss2/FISHc/double/a_first/MUSKEGON_BLUEBIG_FISHc_0008_2.jpeg,"north side, south side and west bay","3 gill nets, 3 fykes",experimental,125 feet,entire lake,4 - 20 ft overall lake very shallow,2:00 PM - 11:00 AM (21 hrs.),NA,Abundance of small bluegills; game fish are lacking. Fishermen report catching occasional bass but success decreasing yearly. Perhaps needs partial treatment and stocking of bass.,31,gill,NA,
61-126,1971,59969233,DUCK,MUSKEGON,21,July,23,July,1971,https://changes-ifr.s3.us-east-2.amazonaws.com/ss2/FISHc/double/a_first/MUSKEGON_DUCK_FISHc_0001_1.jpeg,https://changes-ifr.s3.us-east-2.amazonaws.com/ss2/FISHc/double/a_first/MUSKEGON_DUCK_FISHc_0001_2.jpeg,West shore and east shore,3 fyke,NA,NA,"70% natural, 30% developed cottages",3 to 8 ft,3:00 pm - 2:00 pm (46 hours),NA,"Set nets to catch big bluegill and largemouth bass, but apparently fish are in deep water. Fishermen reported catching small bluegills. Further work needed.",18,3,6,
61-7,1977,59969255,MONA,MUSKEGON,10,May,11,May,1977,https://changes-ifr.s3.us-east-2.amazonaws.com/ss2/FISHc/double/a_first/MUSKEGON_MONA_FISHc_0003_1.jpeg,https://changes-ifr.s3.us-east-2.amazonaws.com/ss2/FISHc/double/a_first/MUSKEGON_MONA_FISHc_0003_2.jpeg,From the access across from the Holiday Inn.,"4 trap, 5 fyke, 4 gill nets, 2 lifts",NA,NA,Entire lake randomly,1 - 25 feet,NA,NA,A surprising good collection of game and panfish with relatively few rough fish. Nearly all the pumpkinseeds and most of the bluegills seemed to belong to just a few year classes as if other years reproduction was unsuccessful.,247,gill,NA,
67-257,1967,59970275,MCCOY,OSCEOLA,3,August,4,August,1967,https://changes-ifr.s3.us-east-2.amazonaws.com/ss2/FISHc/double/a_first/OSCEOLA_MCCOY_FISHc_0007_1.jpg,https://changes-ifr.s3.us-east-2.amazonaws.com/ss2/FISHc/double/a_first/OSCEOLA_MCCOY_FISHc_0007_2.jpg,"N. end of lake, 50' E. of narrows to NW. bay off poplar grove",trap net,NA,NA,NA,20',Set 1:00 p.m. Lift 11:00 a.m.,2,"5 painted turtles, 2 snapping turtles",1,1,1,
67-257,1967,59970277,MCCOY,OSCEOLA,3,August,4,August,1967,https://changes-ifr.s3.us-east-2.amazonaws.com/ss2/FISHc/double/a_first/OSCEOLA_MCCOY_FISHc_0008_1.jpg,https://changes-ifr.s3.us-east-2.amazonaws.com/ss2/FISHc/double/a_first/OSCEOLA_MCCOY_FISHc_0008_2.jpg,N. W. bay. N. end of lake,trap net,NA,NA,NA,7',Set 12:30 PM. Lift 11:30 a.m.,1,NA,8,1,8,
67-226,1965,59970314,SUNRISE,OSCEOLA,6,October,8,October,1965,https://changes-ifr.s3.us-east-2.amazonaws.com/ss2/FISHc/double/a_first/OSCEOLA_SUNRISE_FISHc_0008_1.jpg,https://changes-ifr.s3.us-east-2.amazonaws.com/ss2/FISHc/double/a_first/OSCEOLA_SUNRISE_FISHc_0008_2.jpg,NE side of lake off rocky island,fyke net,NA,NA,NA,3-11',Set 5:30 10-6 Lift 1:00 10-7/ 10:00 10-8,9,NA,39,1,39,
67-226,1965,59970317,SUNRISE,OSCEOLA,6,October,8,October,1965,https://changes-ifr.s3.us-east-2.amazonaws.com/ss2/FISHc/double/a_first/OSCEOLA_SUNRISE_FISHc_0010_1.jpg,https://changes-ifr.s3.us-east-2.amazonaws.com/ss2/FISHc/double/a_first/OSCEOLA_SUNRISE_FISHc_0010_2.jpg,In SW bay just E. of rocky point,fyke net,NA,NA,NA,3-7',Set 5:00 10-6 Lift 11:30 10-7 9:30 10-8,7,"Many small bass fry were observed on 10-8 around this net - 1.5 - 2"" long.",31,1,31,
59-403,1972,61361034,BASS,MONTCALM,12,June,14,June,1972,https://changes-ifr.s3.us-east-2.amazonaws.com/ss3/FISHc/double/MONTCALM_BASS_FISHc_0003_1.jpeg,https://changes-ifr.s3.us-east-2.amazonaws.com/ss3/FISHc/double/MONTCALM_BASS_FISHc_0003_2.jpeg,entire lake,5 fyke nets,NA,NA,entire lake,1 to 8 ft,3:30 p.m. - 12:00 p.m. - 32 1/2 hrs.,NA,A few residents complained of small bluegills and perch. Lake is quite shallow but does not winterkill. Maximum depth is 10 to 12 ft. May require additional predator stocking.,80,5,16,
59-347,1977,61361038,COWDEN,MONTCALM,4,October,NA,NA,NA,https://changes-ifr.s3.us-east-2.amazonaws.com/ss3/FISHc/double/MONTCALM_COWDEN_FISHc_0006_1.jpeg,https://changes-ifr.s3.us-east-2.amazonaws.com/ss3/FISHc/double/MONTCALM_COWDEN_FISHc_0006_2.jpeg,Entire lake,"3 trap nets, 3 fyke nets",NA,NA,Entire lake,1-7',10:30,NA,Survey is in conjunction with Selective Treatment Program. Our survey results show a reduction of the average size for panfish from last year's data. Smaller fish are more abundant.,338,unknown,NA,
59-347,1976,61361039,COWDEN,MONTCALM,20,April,21,April,1976,https://changes-ifr.s3.us-east-2.amazonaws.com/ss3/FISHc/double/MONTCALM_COWDEN_FISHc_0007_1.jpeg,https://changes-ifr.s3.us-east-2.amazonaws.com/ss3/FISHc/double/MONTCALM_COWDEN_FISHc_0007_2.jpeg,Entire Lake,trap nets,NA,NA,Entire Lake,1-8',NA,NA,Survey is follow-up to selective treatment program. Bl Large Bluegills show growth improvements. . Large spawning white suckers were present on NW shoreline. . Bluegills fishing is excellent. .,402,unknown,NA,
59-133,1978,61361062,CRYSTAL,MONTCALM,7,November,7,November,NA,https://changes-ifr.s3.us-east-2.amazonaws.com/ss3/FISHc/double/MONTCALM_CRYSTAL10N5WS71718_FISHc_0004_1.jpeg,https://changes-ifr.s3.us-east-2.amazonaws.com/ss3/FISHc/double/MONTCALM_CRYSTAL10N5WS71718_FISHc_0004_2.jpeg,entire lake,mini-fykes (6),NA,NA,NA,1-4',48 hour sets,NA,This sheet is separate from the trap and gill net sheet because these nets are size selective and it would give an inappropriate value for species averages.,7,6,1.2,
59-133,1978,61361064,CRYSTAL,MONTCALM,7,November,NA,NA,NA,https://changes-ifr.s3.us-east-2.amazonaws.com/ss3/FISHc/double/MONTCALM_CRYSTAL10N5WS71718_FISHc_0005_1.jpeg,https://changes-ifr.s3.us-east-2.amazonaws.com/ss3/FISHc/double/MONTCALM_CRYSTAL10N5WS71718_FISHc_0005_2.jpeg,entire lake,"6 trap nets, 2 gill nets",NA,NA,entire lake,4 - 4-6' for trapnets nets and 4 - 4-25' for gill nets,24 hour sets,NA,The lake was very clear with hard bottom be sure to set the lead anchor securely. Large gravel bar at SE corner of lake contains a few large shallow boulders that should be marked for boating safety.,58,gill,NA,
59-189,1977,61361100,DERBY,MONTCALM,2,November,NA,November,NA,https://changes-ifr.s3.us-east-2.amazonaws.com/ss3/FISHc/double/MONTCALM_DERBY_FISHc_0009_1.jpeg,https://changes-ifr.s3.us-east-2.amazonaws.com/ss3/FISHc/double/MONTCALM_DERBY_FISHc_0009_2.jpeg,Entire lake.,"2 trap nets, 2 gill nets",experimental gills,2 x 125 feet,5 feet - 5'-30' feet entire lake,5 feet - 30 feet,NA,NA,Trout survival is evident. 1972 lake trout plants are still in evidence. Good yellow perch population.,9,gill,NA,
59-189,1979,61361098,DERBY,MONTCALM,9,October,11,October,1979,https://changes-ifr.s3.us-east-2.amazonaws.com/ss3/FISHc/double/MONTCALM_DERBY_FISHc_0006_1.jpeg,https://changes-ifr.s3.us-east-2.amazonaws.com/ss3/FISHc/double/MONTCALM_DERBY_FISHc_0006_2.jpeg,various points over lake - entire lake,"5 trap nets, 3 exp. gills",exp,NA,"whole lake, set 1 night, ran, set second night and pulled",1 - 1-7' (trap) 1 - 1-30' (gill),AM-noon,NA,"General lake survey. 5 trout taken, 2 lakers, 3 rainbows. Rock bass 2nd most numerous fish taken, black crappies #1. Rock bass very fat; crappies thin. No size to SMB, bluegills mostly small; caught some 8""ers in 30' deep gill net.",89,gill,NA,
59-182,1971,61361121,DICKERSON,MONTCALM,29,July,NA,NA,NA,https://changes-ifr.s3.us-east-2.amazonaws.com/ss3/FISHc/double/MONTCALM_DICKERSON_FISHc_0001_1.jpeg,https://changes-ifr.s3.us-east-2.amazonaws.com/ss3/FISHc/double/MONTCALM_DICKERSON_FISHc_0001_2.jpeg,entire lake,"3 gill nets, 2 fyke nets",experimental,125 feet,entire,4 to 20 ft,1:00 p.m.,NA,"Good perch population, providing good winter fishing. Panfishing has been good in the past.",19,gill,NA,
59-369,1978,61361336,WHITEFISHLITTLE,MONTCALM,3,October,NA,NA,NA,https://changes-ifr.s3.us-east-2.amazonaws.com/ss3/FISHc/double/MONTCALM_WHITEFISHLITTLE_FISHc_0002_1.jpeg,https://changes-ifr.s3.us-east-2.amazonaws.com/ss3/FISHc/double/MONTCALM_WHITEFISHLITTLE_FISHc_0002_2.jpeg,Entire lake,"2 trap nets, 2 fyke nets, 2 gill nets",NA,NA,NA,1 - 30',NA,NA,"Bluegills look good. Several residents reported good fishing for nice sized bluegills and black crappies this year. Also a report of good sized yellow perch being caught. From our survey, northern pike fishing should be good too.",88,gill,NA,
59-369,1978,61361337,WHITEFISHLITTLE,MONTCALM,3,October,NA,NA,NA,https://changes-ifr.s3.us-east-2.amazonaws.com/ss3/FISHc/double/MONTCALM_WHITEFISHLITTLE_FISHc_0003_1.jpeg,https://changes-ifr.s3.us-east-2.amazonaws.com/ss3/FISHc/double/MONTCALM_WHITEFISHLITTLE_FISHc_0003_2.jpeg,NA,"2 trap nets, 2 fyke nets, 2 exp. gill nets",NA,one nite,"entire lake, randomly",1 - 20 feet,NA,NA,"The purpose of the survey was a general inventory of the fish population. People were complaining about small panfish; however, the results of the survey indicate a desirable fish population exists at this time. No management recommended.",92,gill,NA,
59-428,1979,61361254,SIXS,MONTCALM,23,May,NA,NA,NA,https://changes-ifr.s3.us-east-2.amazonaws.com/ss3/FISHc/double/MONTCALM_SIXLAKES_FISHc_0001_1.jpeg,https://changes-ifr.s3.us-east-2.amazonaws.com/ss3/FISHc/double/MONTCALM_SIXLAKES_FISHc_0001_2.jpeg,Entire lake,3 traps & 2 exp. gills,NA,NA,NA,1-15',NA,NA,"Survey was a general fisheries inventory. Trap nets set 2 nights, gill nets 1 night. All fish look good. Chestnut lamprey found on white sucker. One of the two water intakes found in this lake. Abundance of carp and suckers.",212,gill,NA,
59-428,1979,61361255,SIXS,MONTCALM,23,May,NA,NA,NA,https://changes-ifr.s3.us-east-2.amazonaws.com/ss3/FISHc/double/MONTCALM_SIXLAKES_FISHc_0002_1.jpeg,https://changes-ifr.s3.us-east-2.amazonaws.com/ss3/FISHc/double/MONTCALM_SIXLAKES_FISHc_0002_2.jpeg,Entire lake,3 traps & 2 exp. gills,NA,NA,NA,1-15',NA,NA,"Survey was a general fisheries inventory. Trap nets set 2 nights; gill nets 1 night. All fish look good. Pike had fresh lamprey scar, the other of two intakes found in 2nd lake. Abundance of carp and suckers.",50,gill,NA,
59-428,1979,61361261,SIXS,MONTCALM,25,May,NA,NA,NA,https://changes-ifr.s3.us-east-2.amazonaws.com/ss3/FISHc/double/MONTCALM_SIXLAKES_FISHc_0004_1.jpeg,https://changes-ifr.s3.us-east-2.amazonaws.com/ss3/FISHc/double/MONTCALM_SIXLAKES_FISHc_0004_2.jpeg,entire lake,2 trap and 2 exp. gill,exp,gills 125feet each,NA,4-6 feet,24 hour sets,NA,"Bluegills plump for their size. Easiest lake of chain to set trap nets in. Bass, pike look healthy. Bullheads abundant. Survey was a general fisheries inventory.",10,gill,NA,
59-428,1979,61361264,SIXS,MONTCALM,24,May,NA,NA,NA,https://changes-ifr.s3.us-east-2.amazonaws.com/ss3/FISHc/double/MONTCALM_SIXLAKES_FISHc_0003_1.jpeg,https://changes-ifr.s3.us-east-2.amazonaws.com/ss3/FISHc/double/MONTCALM_SIXLAKES_FISHc_0003_2.jpeg,Entire lake,"2 traps, 2 exp. gill nets",NA,NA,NA,15',PM,NA,All fish looked good; abundance of carp and suckers. Survey was a general fisheries inventory.,59,gill,NA,
59-377,1971,61361301,WHITEFISHBIG,MONTCALM,21,April,22,April,1971,https://changes-ifr.s3.us-east-2.amazonaws.com/ss3/FISHc/double/MONTCALM_WHITEFISHBIG_FISHc_0007_1.jpeg,https://changes-ifr.s3.us-east-2.amazonaws.com/ss3/FISHc/double/MONTCALM_WHITEFISHBIG_FISHc_0007_2.jpeg,Entire Lake,"fyke nets 3, gill nets 2",experimental,125 feet,Entire Lake,5 to 20 Feet,24 24-Hour set,NA,Good population of large bass. Many smaller northern pike present. The pike were in a spent condition.,61,gill,NA,
59-377,1978,61361290,WHITEFISHBIG,MONTCALM,4,October,NA,NA,NA,https://changes-ifr.s3.us-east-2.amazonaws.com/ss3/FISHc/double/MONTCALM_WHITEFISHBIG_FISHc_0005_1.jpeg,https://changes-ifr.s3.us-east-2.amazonaws.com/ss3/FISHc/double/MONTCALM_WHITEFISHBIG_FISHc_0005_2.jpeg,Public Access site,"2 traps, 2 fykes, 2 gills, 11 minnow fykes",NA,NA,entire lake,1 - 20',NA,NA,"Fish population looks good pending age and growth studies, especially the bluegill gill and crappies. Did not find any of the young walleyes planted earlier in the season.",290,gill,NA,
59-377,1978,61361291,WHITEFISHBIG,MONTCALM,4,October,NA,NA,NA,https://changes-ifr.s3.us-east-2.amazonaws.com/ss3/FISHc/double/MONTCALM_WHITEFISHBIG_FISHc_0006_1.jpeg,https://changes-ifr.s3.us-east-2.amazonaws.com/ss3/FISHc/double/MONTCALM_WHITEFISHBIG_FISHc_0006_2.jpeg,county access site,"2 experimental gills, 10 minnow fykes, 3 trap nets, 3 fykes",NA,NA,entire lake,0 - 0-15 ft,NA,NA,Used minnow nets to find young walleyes from spring fry stocking but were unsuccessful. Also general survey was obtained. Further attempts to capture walleye will be made in the spring of 1979. Fish populations in good condition.,279,gill,NA,
59-335,1978,61361339,WINFIELD,MONTCALM,11,October,NA,NA,NA,https://changes-ifr.s3.us-east-2.amazonaws.com/ss3/FISHc/double/MONTCALM_WINFIELD_FISHc_0002_1.jpeg,https://changes-ifr.s3.us-east-2.amazonaws.com/ss3/FISHc/double/MONTCALM_WINFIELD_FISHc_0002_2.jpeg,Sets were made at selected locations to survey the entire lake.,"2 trap nets, 2 fyke nets, 2 exp. gill",NA,NA,entire lake,1-15 feet,9:30 a.m. - 2:30 p.m.,NA,"Cottage owners complained of carp, but none were taken in nets. A nice size range of bluegills averaging over 6 inches was revealed. Looks like one of our better fishing lakes at this time. No management is recommended at this time.",300,gill,NA,